Enrichment FDR,nGenes,Pathway Genes,Fold Enrichment,Pathway,URL,Genes
2.03E-17,1231,1527,1.128869127,Metabolic pathways,http://www.genome.jp/kegg-bin/show_pathway?hsa01100 , DPM1  GCLC  ENPP4  CYP51A1  LAP3  CYP26B1  MTMR7  AK2  NDUFAB1  HCCS  ACSM3  KMT2E  ALDH3B1  GGCT  COX10  PNPLA4  PAFAH1B1  NOS2  PIGQ  NADK  AASS  MGST1  ST3GAL1  POMT2  UQCRC1  IDS  PIK3C2A  EXTL3  ELOVL5  PGM3  MDH1  COX15  XYLT2  CHDH  AGPS  CYP24A1  CPS1  ALAS1  DERA  GCLM  HSD17B6  TYMP  AGPAT4  B4GALT7  ALG1  CHPF2  FUT8  ATP6V0A1  ADSS2  MRI1  PI4K2B  MAT2B  INPP4A  TRIT1  CTPS2  ATP6V1H  RRM2B  H6PD  HEXB  PIK3CB  MSMO1  ENTPD2  GALC  KMT2C  GYG2  DGKG  TBXAS1  ALDH18A1  GATB  PIGV  ACAA1  BCAT1  PRDM6  GUCY1B1  DGAT2  CS  SPHK2  MTMR1  HAGH  ST3GAL6  OAT  DGKA  NDUFB4  GSTO2  ME1  MTHFD2  PDE4A  ELOVL1  FECH  PFKP  IDI1  PLPP1  PKM  IDH3G  HYAL2  COASY  ACSL4  INPP5A  PYGM  MAOB  PIGB  GUCY2C  GBA2  NDST1  ASNS  ST6GALNAC2  MGAT4A  ATP6AP1  RDH11  ALDH3A2  HSD17B10  P4HA2  ACADVL  CYP2W1  PDE8A  SDHA  PTGS2  ST6GAL1  CA12  MGLL  HACD3  ENO1  ACAT1  MOCOS  PLD1  ATP12A  ACACB  NT5C2  SIRT6  MCCC1  ACER3  PIK3C3  TIGAR  SYNJ2  ADCY2  PAFAH1B3  PGM1  DCT  RDH8  CPOX  ARG2  AACS  BCKDHB  PLOD1  OXCT1  SLC27A5  HAL  GSTP1  HADHA  CAD  MECOM  AKR1B1  MGST2  POMGNT1  B4GALT1  FOLH1  SEPHS1  ITPKC  ALG9  ACOX3  MTMR2  PIGS  PGS1  LPCAT2  L2HGDH  SULT2B1  ALG6  DNMT3B  TGDS  CRLS1  SMOX  SIRT4  GANAB  BLVRB  SPTLC1  NDUFB2  CERS4  DLD  FH  PHGDH  COMT  ADA2  ECHDC1  XYLB  PTGS1  NANS  PDE6C  SIRT1  SCD  HSD3B7  SETD1A  ATP5F1D  NDUFB7  TECR  MTAP  GGT5  GGT1  PRODH  PLA2G3  GCAT  CHKB  HMOX1  MCAT  ARSA  MTMR3  PNPLA3  ACO2  PMM1  CERK  PYGL  GNPNAT1  ATP6V1D  PIGH  GSTZ1  SPTLC2  GALNT16  MTHFD1  GSS  PYGB  CDS2  PLCB4  IDH3B  AHCY  PIGU  ACOT8  LPIN2  ST8SIA5  LIPG  STS  ALG13  PRPS2  SUV39H1  RENBP  MTMR8  PGK1  SMS  PCYT1B  GLA  ACP5  DGKH  GDPD3  DHODH  NME3  SMPD3  MLYCD  NME4  EARS2  QPRT  CDIPT  MTFMT  ACSBG1  FAH  CA2  BPNT2  SQLE  GSR  TUSC3  ASAH1  DHDH  GYS1  DOT1L  IL4I1  PLD3  PLA2G4C  BCAT2  GCDH  PDE4C  ISYNA1  ETHE1  NAMPT  PIK3CG  ATP6V0A4  OGDH  HIBADH  CYP3A5  IMPDH1  C1GALT1  PLOD3  EZH2  BLVRA  FKTN  NMRK1  AK1  CA9  PIP5K1B  MINPP1  ASPA  MTMR4  PNPO  PIGL  GALK1  ENO3  NAGLU  HSD17B1  EZH1  ALOX12  ALDOC  NDUFC1  INPP4B  AADAT  GALNT7  SEPSECS  NSD2  BST1  UGDH  SC5D  B3GAT1  KMT5B  ST3GAL4  GALNT18  PDHX  NDUFS8  TCIRG1  CHKA  COQ5  MVK  ATP5F1B  PTGES3  CYP27B1  ACSS3  LTA4H  ALDH2  GAPDH  CHPT1  TPI1  ENO2  LDHB  CMAS  ST8SIA1  COX6A1  DSE  MAN1A1  GPLD1  ALDH5A1  VNN1  VNN2  B3GAT2  FIG4  PDE10A  COX7A2  GMDS  NUDT12  MAN2A1  HMGCS1  NNT  HMGCR  ARSB  PDE4D  AGXT2  GNPDA1  ATP6V0E1  EHHADH  HGD  NIT2  PCCB  HYAL1  GBE1  UMPS  ATP6V1A  PLCH1  DGUOK  PIKFYVE  PDE1A  MOGS  NDUFS7  GALNT3  ACADL  LANCL1  GLS  GGCX  ST3GAL5  CHST10  PLCD4  UXS1  ODC1  KYNU  COX7A2L  ATP6V1B1  SPR  DHCR24  GPX7  SCP2  AMPD2  MECR  ATP5PB  ASH1L  SRM  PLA2G4A  PRDM2  CTH  AGMAT  MTR  KMO  ACADM  SDHB  UAP1  HMGCL  GALE  ATP6V0B  B4GALT2  AKR1A1  PRDX6  HSD11B1  MAN1C1  TXNDC12  KMT2A  B4GALT6  CA14  ELOVL4  ALDH8A1  RXYLT1  RPN2  NDUFB3  GDA  NDUFA8  GALNT12  ALG2  KDSR  ACYP1  ACOT2  DLST  ALDH6A1  COQ6  DNMT3A  GPAM  GOT1  PANK3  MTHFD1L  ACAT2  ALG5  EPHX2  RDH10  LRAT  ADCY7  B4GALT4  CAT  PIK3CA  LIAS  OCRL  NT5C3A  ACO1  P4HA1  ACADS  PDE1B  SARDH  AMD1  PLA2G12A  PFKFB2  ACSL3  CHPF  PIGT  ATP5F1E  PLCG1  PTGIS  NAGK  MCEE  SIRT5  MOCS1  GLO1  GOT2  NDUFA1  NT5C  PANK2  ITPA  UROD  ST3GAL3  COX6B1  ASL  L3HYPDH  IPPK  PPCS  COX7C  IDUA  UQCR11  ECHS1  SRD5A3  PAICS  PPAT  GAL3ST1  MGAT3  A4GALT  MPST  TST  ATP6V1F  NDUFA5  PDE11A  GAD1  ALDH1A2  IVD  DUT  CHAC1  TPH1  DCTD  PLD2  DAD1  CDO1  GAMT  SAT1  COLGALT1  PGLS  QRSL1  ACSBG2  NDUFA10  CYP2E1  ASS1  POMT1  UCK1  DNMT1  FBP2  RGN  GGT7  ACSS2  ATP6V1E1  COX4I1  COX7B  IDO1  PPT1  GALNT15  MGAT1  AOC3  ACLY  AOC2  NDUFA2  CKMT2  PDHA1  CHSY1  GCH1  HSD17B7  ENOSF1  SCLY  INPP5K  COQ3  GUCY2D  PCBD2  ALDH3B2  LPIN3  DMGDH  BHMT2  PEMT  PIK3C2B  KL  KMT5C  PDE6B  CNDP2  LARGE1  IMPA1  AMPD3  HSD17B4  DGLUCY  GSTM3  CEPT1  LPIN1  CMPK2  ACP2  CYP2J2  FADS2  STT3A  RFK  PSAT1  SDS  NT5E  ATP5MC2  GLS2  RDH5  B4GALNT1  SMPD2  GNS  NTPCR  GLUL  NPL  PIGC  CYP27A1  COX5B  ALDH1L2  SUCLA2  SETDB2  MTHFS  NDUFB5  GALNT5  EPRS1  SMPD4  ST6GALNAC4  ALDOB  FPGS  ATP6V1G1  DPM2  ENPP2  GRHPR  ALDH1B1  GMPR  SQOR  ITPKA  PLCB2  KYAT3  DBT  SELENOI  HADHB  KHK  ADCY3  CYP2C8  ENTPD1  PLCE1  AOX1  ATIC  IDH1  COX17  GLCE  PPCDC  GPAT3  PDE5A  HADH  PAPSS1  B4GALNT3  ALG10  PIK3C2G  PLCZ1  ETNK1  NDUFA9  AMDHD1  SDSL  MMAB  MTMR6  SUOX  RDH16  CERS5  GALNT6  CSAD  ESD  SETD1B  RDH12  AK7  SORD  HDC  GCNT3  CYP1A1  PMM2  UQCRC2  GCSH  NDUFB10  GALNS  G6PC3  IMPA2  GALNT1  SAT2  NT5C3B  PNMT  PLPP2  PFKL  SIRT3  PRDM16  PGD  PIGK  AZIN2  ALDH9A1  NME7  UCK2  MGST3  ADCY10  PPOX  SDHC  PIGM  PRUNE1  SETDB1  PI4KB  PIP5K1A  SELENBP1  CERS2  SMYD2  GALNT2  ACP1  DEGS1  ITPKB  GUK1  MBOAT2  PYCR2  LBR  ETNK2  ATP6V1C2  GALM  CAMKMT  CHAC2  ST6GAL2  LIPT1  PHOSPHO2  GMPPA  GADL1  POMGNT2  ALDH1L1  AMT  DGKQ  SCD5  ENOPH1  SETD7  CBR4  NDUFS6  SRD5A1  PLA2G7  MMUT  HMGCLL1  MDH2  PSPH  NDUFB11  EBP  PRPS1  NSDHL  CSGALNACT1  ATP6V1B2  NSD3  NDUFB9  IDNK  AUH  UGCG  ALAD  GBGT1  PTGES2  PTGES  INPP5E  GLUD1  CYP17A1  GSTO1  HSD17B12  APIP  DGKZ  AASDHPPT  P4HA3  TKFC  FADS1  B3GAT3  PLCB3  TM7SF2  ALDOA  HNMT  DLAT  PTS  PIP4K2A  OXSM  IPMK  MAT1A  EXT2  NDUFC2  ME3  ACAD8  QDPR  PIGF  INPP1  ACSL1  MGAT5  ATP5F1A  PDE3B  GUCY1A2  SUV39H2  PFKM  NADK2  PANK1  GGPS1  PLOD2  ACMSD  RPIA  DGKE  GDPD1  AK5  ENPP3  ATP5MC3  PDE1C  ATP5PF  MPPE1  ACSS1  CYP2U1  AK9  ATP6V1C1  PI4K2A  CARNMT1  ADK  DCK  UQCRB  PTDSS1  HKDC1  HK1  COX6A2  GALK2  PDE6D  NMNAT2  ST3GAL2  FCSK  DGKI  PAFAH2  EXTL1  GALNT14  HPD  AHCYL2  B4GALT5  PFKFB1  GPAT4  CDA  B4GALT3  NDUFS2  ALG8  SYNJ1  ATP5MC1  CBR1  CBR3  HLCS  ADPGK  HK2  ALDH4A1  ATP6V0D1  NPR2  GNE  PDE9A  NDUFV3  CBS  PDXK  G6PD  AGPAT3  FLAD1  FDPS  CYP3A7  HK3  PCYT1A  COX7A1  ACOX1  NAGS  PLCD3  ALOX15  AMDHD2  ADCY9  NEU3  ASRGL1  CMPK1  PLPP3  AK4  DHRS3  ALPL  AGL  EXTL2  BPNT1  HAAO  SGPP2  HPGDS  GNPDA2  PMVK  STT3B  SUCLG1  CDS1  GMPS  MTMR14  MTHFD2L  GYG1  PLB1  NMNAT3  RPN1  TKT  PIGX  SGMS2  BDH2  ETNPPL  GUCY1A1  MOCS2  ELOVL7  CMBL  NDUFS4  GPX8  ENPP6  ACSL6  UQCRQ  GALNT10  ADCY1  NOS3  CA3  ALDH7A1  COX6C  NUDT2  ALDH1A1  HGSNAT  FBP1  PIGA  NDUFB6  PIGO  PGM2L1  INPPL1  CRYL1  NUDT5  ATP5F1C  NSD1  AK8  HPRT1  LARGE2  HACD1  GPT2  NDUFB8  CKB  SGPL1  PCBD1  COX11  SMPD1  IDH3A  PLD4  NDST2  RIMKLB  TK2  NNMT  ACSM1  LDHAL6A  LDHD  ANPEP  PIP4K2C  MARS1  PIP5KL1  DOLPP1  COQ7  ATP5MG  ACAA2  RRM1  VKORC1  CA4  GPX4  MVD  KMT2D  CYP2S1  GPT  SRR  HSD11B1L  NDUFV1  ATP5PD  MGAT5B  TK1  ENTPD3  PAFAH1B2  GLYCTK  MGAT2  PDHB  ACOX2  DEGS2  DTYMK  NDUFS5  AHCYL1  GSTM4  MAT2A  PLA2G4F  JMJD7-PLA2G4B  ATP5ME  UQCRFS1  CA5B  B3GALNT1  PGM2  SLC33A1  NPR1  HEXD  AGPAT2  FASN  DCXR  UGP2  BTD  CSGALNACT2  GUSB  NANP  ADPRM  GLB1  B3GNT2  SETMAR  NUDT9  ELOVL6  PFKFB3  ACYP2  SDR16C5  CEL  GSTA4  MTM1  ATP6V0E2  RBKS  GAA  CANT1  PGAM1  PDE7B  PIK3CD  GPHN  PAH  GATM  CTPS1  RRM2  QARS1  NME6  CYCS  MBOAT1  DPAGT1  CERS6  SPTLC3  BPGM  ALG14  SUCLG2  AGXT  CARNS1  PDE3A  NADSYN1  DHCR7  LCLAT1  ADH6  HPSE  COQ2  ACSM6  ADCY5  PC  NMNAT1  UQCRH  PHOSPHO1  GSTA3  PIGG  ADCY6  UGT8  B4GAT1  AMY1B  NDUFA11  FUT1  PCCA  DOLK  PHYKPL  LIPT2  ALG10B  B3GALT6  GPX2  SPHK1  COX8A  B3GNT4  HSD11B2  LPCAT4  PLAAT3  B3GNT5  ACSF3  TYMS  FUT2  GCNT4  MTHFR  ACER2  TALDO1  RIMKLA  MAN1B1  ACOT4  PNPLA2  IMPDH2  NDUFV2  GALNT11  GLDC  CA8  DHFR2  COX5A  MPI  OPLAH  PFAS  HYI  DPM3  CYC1  ALOX12B  ALOX15B  PIPOX  B3GNT3  SEPHS2  DCTPP1  TMEM86B  FAHD1  NQO1  FKRP  EHMT1  DHTKD1  SGSH  SETD2  ADO  IDH2  EXT1  SHMT2  B4GALNT4  PLCB1  ALG12  PYCR1  ABAT  AFMID  NDUFB1  UPP1  KMT5A  ST6GALNAC3  UQCR10  LRTOMT  PGP  ACOT1  ALDH1A3  PLA2G6  HDDC3  PDE4B  NDUFA12  NT5C1B  CA13  ADSS1  INPP5J  GALNT17  ATP6V0A2  SMYD3  NDUFA4L2  PIGP  PCYT2  NAT8L  ATP6V0C  POMK  TMLHE  NDUFA13  CYP2R1  PIP5K1C  GPAT2  CYP4F8  PDE2A  HYAL3  PLCD1  ENTPD5  AKR1C1  GCNT1  SIRT7  DHRS4L2  AMY1C  HYKK  ENO4  ASAH2  DPYD  UROS  PLA2G2E  ENTPD8  HACD4  NDUFA4  MAOA  FHIT  AKR1C3  ACADSB  FUT4  TPK1  MAN2A2  VKORC1L1  ADA  PGAP1  ACSL5  ENTPD4  UAP1L1  SHPK  OGDHL  GSTK1  PIGN  ENTPD6  ENPP1  RPE  GPAA1  ADH5  PLCG2  ELOVL2  AKR1B10  CHSY3  HIBCH  MAN1A2  UCKL1  GFPT1  NUDT16  PAPSS2  MT-ND6  MT-CO2  MT-CYB  OXCT2  COLGALT2  MT-ND2  MT-ND5  MT-CO1  PNP  GK  INPP5F  MT-ND3  MT-ND4  MT-ND1  MT-ATP6  APRT  MT-CO3  NAGA  SGMS1  DDO  INPP5B  SDHD  ASPDH  PDE7A  NT5M  HACD2  GPX3  SACM1L  MT-ND4L  GSTM2  HEXA  GALT  GANC  ALG3  CRPPA  CKMT1A  C1GALT1C1L  CERS1  PGAM4  MT-ATP8  DHFR  GPX1  UQCRHL  RPEL1  CKMT1B  NME1  ADSL  AMY2B  PEDS1  PDXP  ATP5MF  ATP5PO  PISD  HOGA1  PI4KA  AMACR  AMY2A  NME2  PLA2G4B  ACY1  NFS1  DDOST  MARS2  BCKDHA  ATP6V1E2  ALG11  FPGT  HTD2  HMBS  GATC  GALNT4  POC1B-GALNT4  THTPA  NDUFA7
3.96E-09,440,530,1.162522553,Pathways in cancer,http://www.genome.jp/kegg-bin/show_pathway?hsa05200 , BAD  DVL2  CREBBP  ITGA3  ITGA2B  RALA  NOS2  MGST1  BID  IGF1  RALBP1  HGF  BIRC3  FAS  IFNGR1  BAK1  DAPK2  FLT4  CTNNA1  TPR  KITLG  LAMC3  PTGER3  MAPK9  RAD51  PIK3CB  LAMA3  CUL1  TRAF1  LAMC2  CAMK2B  CASP8  LPAR2  GNAI3  GSTO2  SPI1  FGFR2  RHOA  ROCK1  RASSF1  FGFR3  RASGRP2  GNB5  FGF22  CDC42  PTGS2  GLI2  NOTCH3  WNT8B  PLD1  MLH1  TRAF4  ARHGEF1  RARB  NFKB2  IL4R  FGFR1  ARAF  ADCY2  GNB1  EDN1  RUNX1T1  KEAP1  HSP90AA1  COL4A4  TCF7  IL12RB2  TRAF5  GSK3B  GSTP1  NCOA1  MECOM  WNT11  MGST2  BAX  MMP2  GNAS  GNA11  BIRC5  FLT3LG  DLL3  LAMB1  ITGA6  FH  ESR1  TGFB2  MSH2  HSP90AB1  JAK2  IL12RB1  ABL1  GADD45B  CRKL  MAPK1  HMOX1  PDGFB  CSF2RB  IL2RB  RBX1  EP300  SOS2  HIF1A  RPS6KA5  NFKBIA  MMP9  STK4  PLCB4  JAG1  E2F1  LAMA1  XIAP  PIM2  MAPK3  AXIN1  ELOB  FZD3  IKBKB  IL7  CCNE1  AKT2  BBC3  TGFB1  JAK3  PIK3R2  CDK6  MET  GLI3  TGFBR1  DVL1  CXCL12  MAPK8  SUFU  CCDC6  CUL2  RPS6KB1  NFKB1  MAPK10  ZBTB16  CCND1  BIRC2  CBL  IL23A  GLI1  WNT5B  CDKN1B  FZD10  GNB3  PPARD  E2F3  CCND3  VEGFA  LAMA4  MSH3  SKP1  FGF1  PDGFRB  WNT5A  HES1  GNAI2  TFG  GNB4  APC2  FN1  STAT1  SOS1  EPAS1  NFE2L2  MSH6  HDAC1  GADD45A  ZBTB17  SLC2A1  PTCH2  PIK3R3  FASLG  CCND2  CSF3R  PGF  TGFB3  GNA13  APAF1  ADCY7  PIK3CA  CXCR4  POLK  CDK2  CKS2  NCOA3  PLCG1  CDKN1A  BMP4  PTGER2  PAX8  BMP2  MAX  STAT5A  PRKCG  ELK1  MAP2K2  TRAF2  F2RL3  GNG13  GNG11  GNAI1  RAC2  SMO  DLL4  CALML4  PLD2  EGLN3  GADD45G  LAMA5  TRAF3  IL13RA1  RARA  RAF1  PPARG  ARHGEF11  CASP9  CCNA1  KRAS  VHL  GSTM3  WNT2B  NOTCH2  ROCK2  IL6ST  IL15RA  DDB2  PDGFRA  COL4A2  ETS1  APC  CDK4  HEY2  MDM2  AGT  EGLN1  LAMC1  WNT10A  EDNRB  RAC1  IL6  MYC  PIM1  PLCB2  ADCY3  STAT4  ITGAV  FGF5  FGF2  LEF1  EGF  BRCA2  LPAR6  RB1  ESR2  FGF7  IGF1R  PML  TP53  SMAD4  PMAIP1  ERBB2  IFNAR1  AKT1  PRKACB  MGST3  ARNT  TPM3  WNT9A  EML4  CALM2  RALB  AGTR1  CAMK2D  CCNA2  SKP2  PIK3R1  GNA12  EGFR  IL2RG  CDKN2B  CDKN2A  NOTCH1  CAMK2G  TCF7L2  GSTO1  PLCB3  ITGB1  VEGFC  FOXO1  EDNRA  TCF7L1  RASGRP3  BCL2L11  PRKCA  ELOC  WNT7A  FZD7  GNAQ  FGF18  FZD1  KIT  APPL1  BRAF  FGF17  IFNAR2  RUNX1  CTBP1  CALM3  RALGDS  IL6R  FGFR4  DVL3  ADCY9  LRP5  FGF19  JAK1  WNT4  TGFA  FZD5  TGFBR2  HEYL  IL15  ITGA2  CASP3  HEY1  ADCY1  FZD6  RET  CASP7  FRAT1  PRKCB  HSP90B1  KIF7  STAT6  SMAD3  NKX3-1  GNGT2  CRK  IGF2  GNG8  DAPK3  CTNNB1  FADD  BDKRB2  STAT3  AXIN2  IL7R  GSTM4  IL12A  COL4A3  MAP2K1  AR  PTK2  CXCL8  RAC3  WNT10B  CALML6  FOS  STAT2  GSTA4  LPAR3  PTGER4  BCL2L1  PIK3CD  PLEKHG5  RASGRP4  BCL2  LAMB2  CYCS  GNB2  ARNT2  GNG12  RASGRP1  RELA  ADCY5  CKS1B  VEGFB  STAT5B  JUP  GNG5  GSTA3  ADCY6  FZD4  CTBP2  TRAF6  CCNE2  SMAD2  RPS6KB2  GNG7  FZD8  JUN  GRB2  FZD2  NQO1  F2R  FRAT2  CSF1R  PLCB1  CTNNA3  TXNRD2  LPAR5  JAG2  IL3RA  SP1  PTCH1  RXRA  GNG2  BCR  MITF  EPOR  COL4A1  WNT7B  COL4A5  FZD9  FGF16  LAMA2  HDAC2  MMP1  DAPK1  LAMB3  ARHGEF12  PDGFA  COL4A6  TXNRD3  PLCG2  LPAR1  CSF2RA  NTRK1  TXNRD1  CALM1  MTOR  NRAS  CHUK  GSTM2  GNG10  CEBPA  EGLN2
4.29E-07,405,495,1.14570921,Herpes simplex virus 1 infection,http://www.genome.jp/kegg-bin/show_pathway?hsa05168 , BAD  ZNF195  ZNF200  BID  ZNF582  CD74  BIRC3  FAS  IFNGR1  POU2F2  BAK1  PIK3CB  TAB2  EIF2AK2  ZNF112  ZNF275  CASP8  SP100  TNFRSF1A  EIF2B3  ZNF37A  ZNF510  ZNF506  TRAF5  ZNF324  ZNF671  ZNF416  PILRA  EIF2AK1  BAX  ZNF343  MAVS  OAS1  ZNF302  ZNF268  SRPK1  ZNF184  JAK2  TAB1  SRSF5  NFKBIA  TRADD  TSC2  IKBKB  ZNF419  AKT2  TYK2  ZNF175  PIK3R2  ZNF14  RHEB  C5  DDX58  CCL2  NFKB1  BIRC2  NECTIN1  OAS3  OAS2  EIF2B1  HCFC2  SRSF9  SRSF3  EIF2B4  IFIH1  STAT1  SRSF7  SRSF4  ZNF684  PIK3R3  FASLG  EIF2B2  ZFP30  APAF1  ZNF549  ZNF211  PILRB  PIK3CA  ZNF205  SRSF6  ZNF45  IL1B  C3  TNFSF14  ZNF133  IRF3  CFP  ZNF484  TRAF2  TICAM1  EIF2AK4  NECTIN2  BST2  ZNF557  ZNF337  ZNF317  ZNF426  ZNF331  ZNF227  ZNF141  TRAF3  ZNF304  ZNF132  ZNF20  CASP9  EIF2S1  MAP3K7  RNASEL  IL6  SRSF1  ZFP37  ZNF189  TLR2  POU2F3  PML  ZSCAN32  TP53  ZFP14  IFNAR1  AKT1  ZNF473  ZNF614  POU2F1  ZNF514  EIF2B5  PIK3R1  ZNF300  RBAK  ZNF157  ZNF182  ZNF41  ZNF7  ZNF214  ZNF547  ZNF773  ZNF256  ZNF599  ZNF689  ZNF19  IFNAR2  ZNF230  ZNF222  ZNF221  ZNF233  ZNF235  ZNF208  ZNF761  ZNF714  ZNF333  ZNF382  SRSF2  ZNF577  ITGA5  NXF1  JAK1  ZNF589  CASP3  TLR3  CGAS  ZNF12  SYK  TSC1  ZNF3  ZNF606  PDIA3  ZNF91  ZNF23  ZNF226  ZNF180  ZNF641  ZNF610  ZNF528  ZNF701  ZNF283  ZNF83  ZNF558  ZNF597  FADD  ZNF30  IL12A  ZNF354A  ZNF764  ZNF768  ZNF778  ZNF212  ZNF282  STAT2  ZNF160  ZNF415  ZNF439  ZNF440  ZNF562  ZNF561  BCL2L1  ZNF584  PIK3CD  ZIK1  BCL2  ZNF540  ZNF570  ZNF57  ZNF556  ZNF554  EIF2AK3  CYCS  PPP1CA  HCFC1  ZNF596  ZNF621  MYD88  RELA  ZNF680  ZNF417  ZNF791  TRAF6  ZNF519  ZNF25  ZNF77  ZNF169  ZNF613  ZNF404  ZNF135  ZNF620  ZNF619  ZNF354C  ZNF114  ZNF454  ZNF543  ZNF354B  ZNF223  ZNF713  ZNF552  CALR  PTPN11  ZNF154  ZNF816  ZNF571  ZNF443  ZNF792  ZFP82  ZNF746  ZNF875  ZNF101  ZNF708  ZNF721  ZNF662  ZNF320  ZNF530  ALYREF  TBK1  ZNF730  IRAK1  SOCS3  ZNF93  ZFP90  ZNF74  ZNF829  ZNF267  ZNF566  ZNF529  ZNF284  ZNF749  ZNF17  PPP1CC  ZNF555  ZNF286A  CARD9  ZFP69B  ZFP69  EIF4EBP1  ZNF490  ZNF793  ZNF383  ZNF669  ZNF559  ZNF548  ZNF563  ZNF567  ZNF573  ZNF527  ZNF33A  ZNF600  ZFP92  ZNF699  ZNF250  ZNF79  ZNF766  ZNF107  ZNF471  ZNF836  ZNF565  ZNF34  ZNF140  ZNF765  ZNF124  ZNF569  ZNF777  ZNF605  ZNF799  ZNF782  ZNF846  ZNF136  ZNF33B  ZNF431  ZNF418  ZNF700  ZFP28  ZNF585A  ZNF429  ZNF470  ZNF398  ZNF441  ZNF420  ZNF763  SRC  ZNF682  ZNF772  ZNF257  ZNF785  ZNF98  ZNF786  ZNF517  ZNF675  ZNF860  ZNF665  ZNF624  ZNF841  ZNF615  ZNF433  ZNF460  ZNF81  ZNF461  ZNF181  ZNF44  ZNF790  ZNF677  ZNF823  ZNF347  IRAK4  ZNF273  ZNF84  ZNF667  ZNF649  ZNF248  ZNF544  ZNF607  ZNF334  ZNF442  ZNF813  ZNF26  ZNF583  ZNF568  ZNF480  ZNF587  ZNF808  HLA-DRB5  ZNF627  MTOR  ZNF814  ZNF551  ZNF805  ZNF468  ZNF616  ZNF155  ZNF783  ZNF425  ZNF316  ZNF611  ZNF254  CHUK  PPP1CB  ZNF888  ZNF845  ZNF726  ZNF99  ZNF90  ZNF891  ZNF630  ZNF717  ZNF492  ZNF688  ZNF879  ZNF736  ZNF853  ZNF737  ZNF709  ZNF585B  ZNF324B  ZNF564  ZNF718  ZNF674  ZNF550  ZNF432  ZNF10  ZNF486  ZNF225  ZNF350  ZNF253  ZNF878  ZNF578  ITGB3  ZNF234  ZNF850  ZNF285  ZNF224
7.02E-11,404,475,1.191001574,Pathways of neurodegeneration,http://www.genome.jp/kegg-bin/show_pathway?hsa05022 , BAD  ALS2  NDUFAB1  DVL2  SLC25A5  NOS2  DNAH9  NOX1  PSMB1  UQCRC1  CAPN1  BID  RB1CC1  FAS  TNFRSF1B  BAK1  MAP2K3  DNAH5  PSMA4  HSPA5  MAPK9  CAMK2B  CASP8  SNCAIP  NDUFB4  ATXN3  ATG2B  TNFRSF1A  WIPI1  CSNK2A2  HSD17B10  SDHA  PTGS2  ATP2A3  WNT8B  TUBA3D  MAP2K7  ARAF  PIK3C3  VDAC3  PSEN1  GSK3B  ULK2  CHMP2B  WNT11  NOX4  BAX  PSMC5  FUS  NDUFB2  ITPR3  PSMD8  ATP5F1D  NDUFB7  MAPK1  XBP1  DNAL4  NEFH  PSMC6  PSMA3  PSMC1  PSMB5  PSMA6  TUBB1  PSMA7  CSNK2A1  PLCB4  MAP1LC3A  CACNA1F  MAPK3  PSMD7  AXIN1  SPG11  FZD3  DCTN6  NEFM  TUBB4A  KLC3  GRIN2D  DNAH11  STX1A  PSMA2  DVL1  MAPK8  PPP3CB  DKK1  PPIF  PSMD3  PSMD11  MAP2K6  NFKB1  MAPK10  NDUFC1  ATG2A  AMBRA1  NDUFS8  PSMD9  ATP5F1B  WNT5B  FZD10  COX6A1  MAPK14  FIG4  COX7A2  CSNK1A1  WNT5A  IFT57  DNAH1  IL1A  ACTR1B  PSMD14  APC2  NDUFS7  HTRA2  DNAH6  COX7A2L  GPX7  PARK7  ATP5PB  MFN2  SDHB  FASLG  ATF6  DNAH7  NDUFB3  NDUFA8  DNAL1  APAF1  PPP3CC  TARDBP  CAT  DNAI1  ITPR2  OPTN  ATG101  TUBA1B  VAPB  ATP5F1E  PLCG1  DNAH8  ATXN1  NDUFA1  IL1B  PSMB2  KLC1  COX6B1  BECN1  PRKCG  TRAP1  ATG14  MAP2K2  COX7C  TRAF2  UQCR11  TUBA4A  SEM1  HIP1  ATF4  NDUFA5  CALML4  PSMA1  TOMM40  NDUFA10  ADRM1  MAP3K10  UBA1  COX4I1  COX7B  NDUFA2  ACTR10  RAF1  UBE2G1  DLG4  CASP9  DCTN4  CHRM3  KRAS  EIF2S1  WNT2B  APC  ATP5MC2  PRPH  WNT10A  COX5B  RAC1  IL6  NDUFB5  PSMB7  DERL1  DCTN3  KLC4  TUBB2A  TUBB2B  PLCB2  RAB1A  ACTR1A  TRPC3  PPP3CA  NDUFA9  UQCRC2  MAP1LC3B  NDUFB10  SOD1  APP  PSMB6  PSMA5  SDHC  PSEN2  WNT9A  CALM2  RPS27A  RAB5A  SNCA  CAMK2D  NDUFS6  NDUFB11  NDUFB9  C9orf72  SIGMAR1  CACNA1B  NRBF2  CAMK2G  PLCB3  UBC  ITPR1  NDUFC2  SLC25A4  TUBA3E  ATP5F1A  GRM1  PRKCA  UCHL1  ATP5MC3  ATP5PF  WNT7A  FZD7  RAB39B  KIF5A  MCU  GNAQ  UQCRB  UBE2L6  MAPK13  COX6A2  FZD1  CACNA1D  BRAF  WIPI2  DNAH3  PINK1  NDUFS2  TOMM40L  ATP5MC1  PSMD4  PSMB4  CALM3  UBE2J2  NDUFV3  PSMC2  DVL3  COX7A1  GRIN2C  LRP5  WNT4  CAPN2  FZD5  PSMD6  DNALI1  WDR41  NDUFS4  GPX8  CASP3  UQCRQ  CDK5  COX6C  FZD6  CYBB  NDUFB6  VCP  ATP5F1C  VDAC2  CASP7  ZFYVE1  FRAT1  PSMC3  NDUFB8  PRKCB  DCTN5  RAB8A  TUBA1A  TUBA1C  NDUFV1  ATP5PD  CTNNB1  FADD  ATXN2L  AXIN2  NDUFS5  UQCRFS1  MAP2K1  SLC25A6  WNT10B  CALML6  UBB  KIF5B  GPR37  MFN1  PPID  BCL2L1  BCL2  PRNP  EIF2AK3  CYCS  RELA  UQCRH  PSMD1  HAP1  SPTBN2  ATP2A2  FZD4  NDUFA11  KLC2  PSMD2  DDIT3  DCTN2  ATG13  TUBB6  GPX2  COX8A  BDNF  CDK5R1  GRIN1  ULK1  FZD8  NDUFV2  ERN1  COX5A  CYC1  CSNK1A1L  FZD2  FRAT2  UBA7  PLCB1  NDUFB1  TBK1  DNAH2  UQCR10  CSF1  SEPTIN5  NDUFA12  UBE2G2  PRKN  MAPK11  PSMD13  NDUFA4L2  UBE2L3  DNAH14  NDUFA13  DNAH17  WNT7B  MAPK12  TUBB4B  FZD9  LRRK2  NDUFA4  RYR1  ATP2A1  PIK3R4  PSMD12  HTT  MAP3K5  CALM1  MT-ND6  MT-CO2  MT-CYB  MT-ND2  MT-ND5  MTOR  MT-CO1  UBE2J1  RYR3  MT-ND3  MT-ND4  MT-ND1  MT-ATP6  MT-CO3  SDHD  ATXN2  DCTN1  GPX3  MT-ND4L  NRAS  VDAC1  CSNK1E  PPP3R1  UBA52  ATXN1L  MT-ATP8  GPX1  UQCRHL  ATP5PO  CSNK2A3  TUBB3  NDUFA7
6.81E-09,325,383,1.188253678,Alzheimer disease,http://www.genome.jp/kegg-bin/show_pathway?hsa05010 , BAD  NDUFAB1  DVL2  SLC25A5  NOS2  NOX1  PSMB1  UQCRC1  CAPN1  BID  RB1CC1  FAS  SLC39A9  PSMA4  MAPK9  PIK3CB  EIF2AK2  CASP8  NDUFB4  ATG2B  TNFRSF1A  WIPI1  CSNK2A2  HSD17B10  SDHA  PTGS2  ATP2A3  WNT8B  TUBA3D  MAP2K7  ARAF  PIK3C3  VDAC3  PSEN1  GSK3B  ULK2  WNT11  NOX4  PSMC5  NDUFB2  ITPR3  PSMD8  ATP5F1D  NDUFB7  MAPK1  XBP1  PSMC6  PSMA3  PSMC1  PSMB5  PSMA6  TUBB1  PSMA7  CSNK2A1  PLCB4  CACNA1F  MAPK3  PSMD7  AXIN1  FZD3  IKBKB  SLC39A14  TUBB4A  KLC3  AKT2  GRIN2D  PIK3R2  PSMA2  DVL1  MAPK8  PPP3CB  DKK1  PPIF  PSMD3  PSMD11  NFKB1  MAPK10  NDUFC1  ATG2A  AMBRA1  NDUFS8  PSMD9  SLC11A2  ATP5F1B  WNT5B  FZD10  GAPDH  COX6A1  COX7A2  CSNK1A1  WNT5A  IL1A  PSMD14  APC2  NDUFS7  RTN4  COX7A2L  ATP5PB  SDHB  APH1A  PIK3R3  ATF6  NDUFB3  NDUFA8  IDE  APAF1  PPP3CC  PIK3CA  ITPR2  LRP1  ATG101  TUBA1B  ATP5F1E  NDUFA1  IL1B  PSMB2  KLC1  COX6B1  BECN1  ATG14  MAP2K2  COX7C  TRAF2  UQCR11  TUBA4A  SEM1  ATF4  NDUFA5  CALML4  PSMA1  APOE  NDUFA10  ADRM1  COX4I1  COX7B  NDUFA2  RAF1  CASP9  CHRM3  RTN3  KRAS  EIF2S1  WNT2B  APC  ATP5MC2  WNT10A  COX5B  IL6  NDUFB5  PSMB7  KLC4  TUBB2A  TUBB2B  PLCB2  ADAM10  APH1B  PPP3CA  SLC39A8  NDUFA9  SLC39A5  UQCRC2  NDUFB10  SLC39A6  SLC39A3  APP  AKT1  PSMB6  PSMA5  SDHC  SLC39A1  PSEN2  WNT9A  CALM2  SNCA  NDUFS6  PIK3R1  NDUFB11  NDUFB9  NRBF2  PLCB3  ITPR1  NDUFC2  ADAM17  SLC25A4  TUBA3E  ATP5F1A  ATP5MC3  ATP5PF  WNT7A  FZD7  KIF5A  MCU  GNAQ  UQCRB  COX6A2  FZD1  CACNA1D  BRAF  WIPI2  NDUFS2  ATP5MC1  PSMD4  PSMB4  NAE1  CALM3  NDUFV3  PSMC2  DVL3  COX7A1  GRIN2C  LRP5  WNT4  NCSTN  CAPN2  FZD5  NDUFS4  CASP3  UQCRQ  CDK5  COX6C  FZD6  CYBB  NDUFB6  ATP5F1C  VDAC2  SLC39A2  CASP7  FRAT1  SLC39A13  PSMC3  NDUFB8  APBB1  TUBA1A  TUBA1C  NDUFV1  ATP5PD  CTNNB1  FADD  AXIN2  NDUFS5  UQCRFS1  MAP2K1  IRS1  SLC25A6  WNT10B  CALML6  KIF5B  INSR  PPID  PIK3CD  EIF2AK3  CYCS  RELA  UQCRH  PSMD1  ATP2A2  FZD4  NDUFA11  KLC2  PSMD2  DDIT3  ATG13  LPL  TUBB6  COX8A  CDK5R1  GRIN1  ULK1  FZD8  NDUFV2  ERN1  COX5A  CYC1  CSNK1A1L  FZD2  FRAT2  BACE2  PLCB1  NDUFB1  UQCR10  CSF1  NDUFA12  PSMD13  NDUFA4L2  IRS2  NDUFA13  BACE1  WNT7B  TUBB4B  FZD9  NDUFA4  ATP2A1  PIK3R4  MME  SLC39A10  PSMD12  MAP3K5  CALM1  MT-ND6  MT-CO2  MT-CYB  MT-ND2  MT-ND5  MTOR  MT-CO1  RYR3  MT-ND3  MT-ND4  MT-ND1  MT-ATP6  MT-CO3  SDHD  PSENEN  MT-ND4L  NRAS  CHUK  VDAC1  CSNK1E  PPP3R1  MT-ATP8  UQCRHL  ATP5PO  CSNK2A3  TUBB3  NDUFA7
1.78E-10,314,363,1.211288525,Amyotrophic lateral sclerosis,http://www.genome.jp/kegg-bin/show_pathway?hsa05014 , BAD  ALS2  NDUFAB1  NOS2  DNAH9  PSMB1  UQCRC1  BID  RB1CC1  TNFRSF1B  NUP160  MAP2K3  DNAH5  PSMA4  HSPA5  TPR  NDC1  NDUFB4  ATG2B  TNFRSF1A  NUP133  PFN2  WIPI1  SDHA  NUP37  ACTB  TUBA3D  PIK3C3  ULK2  CHMP2B  SEH1L  BAX  PSMC5  FUS  NDUFB2  NUP50  HDAC6  NUP188  ITPR3  PSMD8  ATP5F1D  NDUFB7  XBP1  DNAL4  NEFH  PSMC6  PSMA3  PSMC1  PSMB5  PSMA6  RAE1  TUBB1  PSMA7  MAP1LC3A  NXT2  NUP93  PSMD7  SPG11  DCTN6  NEFM  TUBB4A  KLC3  GRIN2D  DNAH11  PSMA2  SETX  PPP3CB  PSMD3  PFN1  NUP88  PSMD11  MAP2K6  NDUFC1  ATG2A  SLC1A2  AMBRA1  NUP98  NDUFS8  PSMD9  ATP5F1B  NUP107  COX6A1  MAPK14  SRSF3  FIG4  COX7A2  NUP155  DNAH1  ACTR1B  PSMD14  NDUFS7  DNAH6  SRSF7  COX7A2L  GPX7  ATP5PB  SDHB  ATF6  DNAH7  NDUFB3  GLE1  NDUFA8  DNAL1  NUP43  APAF1  PPP3CC  TARDBP  CAT  ANXA11  HNRNPA2B1  DNAI1  OPTN  ATG101  TUBA1B  VAPB  ATP5F1E  DNAH8  NUP153  NDUFA1  NUP85  PSMB2  KLC1  COX6B1  BECN1  ATG14  NUP214  COX7C  TRAF2  UQCR11  TUBA4A  SEM1  ATF4  NDUFA5  PSMA1  TOMM40  NDUFA10  ADRM1  COX4I1  COX7B  NDUFA2  ACTR10  NUP210  NXT1  CASP9  DCTN4  EIF2S1  UBQLN1  ATP5MC2  PRPH  HNRNPA1  COX5B  RAC1  NDUFB5  PSMB7  NCBP1  DERL1  DCTN3  KLC4  TUBB2A  TUBB2B  CASP1  RAB1A  ACTR1A  ANXA7  NUP54  PPP3CA  NDUFA9  NUP58  HNRNPA1L2  UQCRC2  MAP1LC3B  NDUFB10  TP53  SOD1  PSMB6  PSMA5  SDHC  RAB5A  NDUFS6  NDUFB11  NDUFB9  C9orf72  SIGMAR1  NRBF2  NDUFC2  TUBA3E  ATP5F1A  RANBP2  ATP5MC3  ATP5PF  NUP205  RAB39B  KIF5A  MCU  UQCRB  MAPK13  COX6A2  SEC13  NRG1  WIPI2  NRG2  DNAH3  PINK1  NDUFS2  TOMM40L  ATP5MC1  PSMD4  PSMB4  NDUFV3  UBQLN4  PSMC2  COX7A1  GRIN2C  NXF1  NUP35  PSMD6  DNALI1  WDR41  NDUFS4  GPX8  CASP3  UQCRQ  COX6C  NDUFB6  VCP  ATP5F1C  PSMC3  NDUFB8  DCTN5  RAB8A  TUBA1A  TUBA1C  NDUFV1  ATP5PD  ATXN2L  NDUFS5  UQCRFS1  NRG4  HNRNPA3  KIF5B  BCL2L1  BCL2  EIF2AK3  CYCS  UQCRH  PSMD1  HAP1  NDUFA11  KLC2  PSMD2  DDIT3  DCTN2  ATG13  TUBB6  GPX2  COX8A  PFN4  GRIN1  ULK1  NDUFV2  ERBB4  ERN1  COX5A  CYC1  NDUFB1  ALYREF  TBK1  DNAH2  ACTG1  UQCR10  NDUFA12  PRKN  MAPK11  PSMD13  NDUFA4L2  NRG3  DNAH14  NDUFA13  DNAH17  UBQLN2  MAPK12  TUBB4B  NDUFA4  POM121  PIK3R4  PSMD12  MAP3K5  MT-ND6  MT-CO2  MT-CYB  MT-ND2  MT-ND5  MTOR  MT-CO1  MT-ND3  MT-ND4  MT-ND1  MT-ATP6  MT-CO3  SDHD  ATXN2  DCTN1  GPX3  MT-ND4L  NUP62  VDAC1  ANG  PPP3R1  MT-ATP8  GPX1  UQCRHL  ATP5PO  TUBB3  NDUFA7
0.00039315,284,354,1.123413551,PI3K-Akt signaling pathway,http://www.genome.jp/kegg-bin/show_pathway?hsa04151 , BAD  ITGA3  ITGA2B  BRCA1  IGF1  HGF  IBSP  FLT4  PHLPP2  TNC  COL9A2  KITLG  LAMC3  PIK3CB  LAMA3  LAMC2  EIF4B  NGFR  LPAR2  PKN2  ERBB3  PPP2R5A  FGFR2  FGFR3  PPP2R5B  GNB5  FGF22  PPP2R3A  PPP2R2C  IL4R  FGFR1  ITGA8  PPP2R5C  GNB1  HSP90AA1  COL4A4  PHLPP1  GSK3B  ITGB5  FLT3LG  LAMB1  ITGA6  ANGPT2  PPP2R3C  COL9A3  HSP90AB1  JAK2  EFNA2  OSM  MAPK1  PDGFB  IL2RB  SOS2  SGK2  ANGPT4  LAMA1  FLT1  MAPK3  TSC2  RBL2  SGK3  IKBKB  IL7  PPP2CB  GYS1  CCNE1  AKT2  CDC37  PPP2R1A  JAK3  PIK3R2  COMP  CDK6  PIK3CG  ITGB8  MET  RHEB  CREB3  CSF3  RPS6KB1  COL1A1  VTN  NFKB1  AREG  CCND1  VWF  CDKN1B  GNB3  COL9A1  CCND3  PPP2R5D  VEGFA  LAMA4  GHR  THBS4  PRLR  PPP2CA  FGF1  PDGFRB  GNB4  ITGB6  ITGA4  FN1  SOS1  ATF2  PIK3R3  FASLG  STK11  CREB1  MYB  SGK1  FOXO3  SPP1  CCND2  CSF3R  PGF  TEK  TNN  PIK3CA  PKN1  NR4A1  CDK2  CDKN1A  EREG  MAP2K2  GNG13  GNG11  KDR  YWHAH  ATF4  LAMA5  RAF1  PRKAA1  ITGB4  CASP9  KRAS  NGF  YWHAQ  PDGFRA  COL4A2  ITGA7  CDK4  MDM2  LAMC1  EIF4E2  RAC1  IL6  CHAD  TLR4  MYC  RPS6  TLR2  PPP2R1B  THBS1  ITGA11  ITGAV  FGF5  FGF2  EGF  ITGB7  LPAR6  FGF7  IGF1R  PDPK1  G6PC3  PIK3R5  TP53  RPTOR  ERBB2  COL6A1  IFNAR1  COL6A2  AKT1  EPHA2  ITGA10  MCL1  CREB3L4  EFNA3  ITGA9  PDGFC  OSMR  PIK3R1  CREB5  EGFR  IL2RG  NTRK2  ITGB1  VEGFC  EIF4E  BCL2L11  PPP2R5E  ANGPT1  PRKCA  PIK3AP1  FGF18  PPP2R2B  KIT  CREB3L1  FGF17  IFNAR2  THEM4  PKN3  IL6R  CRTC2  FGFR4  ITGA5  PRKAA2  JAK1  TGFA  COL6A3  ITGA2  COL1A2  NOS3  YWHAZ  SYK  TSC1  HSP90B1  YWHAB  GNGT2  IGF2  GNG8  MLST8  DDIT4  IL7R  COL4A3  MAP2K1  IRS1  THBS3  EFNA1  PTK2  YWHAG  PDGFD  INSR  LPAR3  BCL2L1  PIK3CD  BCL2  LAMB2  GNB2  GNG12  RELA  VEGFB  GNG5  CCNE2  PPP2R2D  RPS6KB2  GNG7  BDNF  GRB2  ERBB4  F2R  CREB3L2  CSF1R  EFNA5  CSF1  LPAR5  IL3RA  THBS2  RXRA  GNG2  EPOR  MAGI2  COL4A1  EIF4EBP1  COL4A5  RELN  FGF16  LAMA2  LAMB3  PDGFA  COL4A6  LPAR1  NTRK1  MTOR  COL6A6  NRAS  CHUK  ITGA1  MTCP1  PPP2R2A  NTF4  GNG10  EFNA4  ITGB3
1.36E-05,273,331,1.154939496,Human papillomavirus infection,http://www.genome.jp/kegg-bin/show_pathway?hsa05165 , BAD  DVL2  CREBBP  ITGA3  ITGA2B  FAS  TBPL1  IBSP  BAK1  ATP6V0A1  TUBG2  TNC  ATP6V1H  COL9A2  LAMC3  PIK3CB  LAMA3  EIF2AK2  LAMC2  CASP8  PPP2R5A  TNFRSF1A  PKM  PRKCZ  PPP2R5B  HES2  ATP6AP1  MPP5  LLGL2  PPP2R3A  PTGS2  NOTCH3  PPP2R2C  WNT8B  DLG1  ITGA8  PPP2R5C  PSEN1  RBL1  COL4A4  TCF7  DLG3  GSK3B  ITGB5  WNT11  NFX1  BAX  GNAS  PXN  LAMB1  ITGA6  PPP2R3C  COL9A3  MAPK1  MFNG  EP300  SOS2  ATP6V1D  PSMC1  JAG1  E2F1  LAMA1  TRADD  MAPK3  PARD6A  AXIN1  TSC2  RBL2  FZD3  IKBKB  PPP2CB  CCNE1  AKT2  TYK2  PPP2R1A  PIK3R2  COMP  CDK6  ITGB8  ATP6V0A4  LFNG  RHEB  CREB3  DVL1  RPS6KB1  COL1A1  SLC9A3R1  VTN  NFKB1  CCND1  TCIRG1  VWF  WNT5B  CDKN1B  FZD10  CHD4  COL9A1  CCND3  TBP  PPP2R5D  VEGFA  LAMA4  THBS4  PPP2CA  CSNK1A1  PDGFRB  ATP6V0E1  UBE3A  WNT5A  HES1  ATP6V1A  ITGB6  ITGA4  APC2  FN1  STAT1  SOS1  ATP6V1B1  HDAC1  ATP6V0B  PIK3R3  FASLG  CREB1  SPP1  CCND2  TNN  PIK3CA  CDK2  PARD6B  CDKN1A  IRF1  IRF3  MAP2K2  UBR4  TICAM1  ATP6V1F  CRB3  LAMA5  ATP6V1E1  TRAF3  TUBG1  RAF1  ITGB4  PATJ  CCNA1  KRAS  WNT2B  NOTCH2  COL4A2  APC  OASL  ITGA7  CDK4  HEY2  MDM2  LAMC1  WNT10A  CHAD  ATP6V1G1  PPP2R1B  THBS1  ITGA11  ITGAV  EGF  ITGB7  RB1  TP53  COL6A1  IFNAR1  COL6A2  AKT1  PRKACB  ITGA10  CREB3L4  WNT9A  ATP6V1C2  HES6  ITGA9  CCNA2  PIK3R1  CREB5  EGFR  ATP6V1B2  NOTCH1  PARD3  TCF7L2  ATM  ITGB1  DLG2  FOXO1  TCF7L1  PPP2R5E  WNT7A  ATP6V1C1  FZD7  PPP2R2B  FZD1  MX1  CREB3L1  IFNAR2  ATP6V0D1  DVL3  ITGA5  JAK1  WNT4  FZD5  COL6A3  PRKCI  HEYL  ITGA2  CASP3  TLR3  HEY1  COL1A2  FZD6  TSC1  CTNNB1  FADD  RBPJ  AXIN2  COL4A3  MAP2K1  THBS3  PTK2  RFNG  WNT10B  STAT2  ATP6V0E2  TADA3  PTGER4  PIK3CD  LAMB2  RELA  FZD4  ATR  CCNE2  PPP2R2D  RPS6KB2  FZD8  GRB2  PARD6G  HES7  CSNK1A1L  FZD2  CREB3L2  MX2  TBK1  MAML2  ATP6V0A2  BCAP31  ATP6V0C  THBS2  COL4A1  ISG15  EIF4EBP1  WNT7B  COL4A5  HES4  FZD9  RELN  LAMA2  HDAC2  MAML3  LAMB3  COL4A6  MTOR  COL6A6  NRAS  CHUK  ITGA1  PPP2R2A  ATP6V1E2  ITGB3
7.02E-10,267,306,1.221840215,Huntington disease,http://www.genome.jp/kegg-bin/show_pathway?hsa05016 , NDUFAB1  SLC25A5  POLR2J  CREBBP  AP2B1  DNAH9  PSMB1  UQCRC1  RB1CC1  TBPL1  DNAH5  PSMA4  AP2S1  POLR2B  MAPK9  CASP8  NDUFB4  ATG2B  CLTCL1  WIPI1  SDHA  TUBA3D  MAP2K7  PIK3C3  VDAC3  SLC1A3  ULK2  REST  BAX  PSMC5  RCOR1  NDUFB2  PSMD8  ATP5F1D  NDUFB7  POLR2E  POLR2F  DNAL4  EP300  PSMC6  PSMA3  PSMC1  PSMB5  PSMA6  TUBB1  PSMA7  PLCB4  POLR2C  PSMD7  DCTN6  TUBB4A  KLC3  POLR2I  BBC3  DNAH11  STX1A  NRF1  PSMA2  CREB3  MAPK8  TFAM  PPIF  PSMD3  PSMD11  MAPK10  NDUFC1  PPARGC1A  ATG2A  SLC1A2  AMBRA1  NDUFS8  PSMD9  ATP5F1B  COX6A1  SOD2  TBP  COX7A2  IFT57  DNAH1  ACTR1B  PSMD14  NDUFS7  DNAH6  COX7A2L  GPX7  ATP5PB  HDAC1  SDHB  CREB1  DNAH7  NDUFB3  NDUFA8  DNAL1  APAF1  CLTA  DNAI1  ATG101  TUBA1B  ATP5F1E  DNAH8  NDUFA1  PSMB2  KLC1  COX6B1  BECN1  ATG14  COX7C  TRAF2  UQCR11  TUBA4A  SEM1  HIP1  NDUFA5  PSMA1  NDUFA10  ADRM1  MAP3K10  COX4I1  COX7B  NDUFA2  ACTR10  PPARG  DLG4  CASP9  DCTN4  ATP5MC2  COX5B  NDUFB5  PSMB7  DCTN3  KLC4  TUBB2A  TUBB2B  PLCB2  ACTR1A  NDUFA9  UQCRC2  NDUFB10  CLTC  TAF4B  TP53  SOD1  PSMB6  PSMA5  SDHC  CREB3L4  POLR2D  NDUFS6  CREB5  NDUFB11  POLR2K  NDUFB9  CACNA1B  NRBF2  PLCB3  ITPR1  NDUFC2  SLC25A4  TUBA3E  ATP5F1A  ATP5MC3  ATP5PF  KIF5A  GNAQ  UQCRB  COX6A2  CREB3L1  WIPI2  DNAH3  NDUFS2  ATP5MC1  PSMD4  PSMB4  NDUFV3  PSMC2  AP2M1  COX7A1  DNALI1  POLR2H  NDUFS4  GPX8  CASP3  UQCRQ  COX6C  NDUFB6  ATP5F1C  VDAC2  PSMC3  NDUFB8  DCTN5  TUBA1A  TUBA1C  NDUFV1  ATP5PD  POLR2G  NDUFS5  UQCRFS1  SLC25A6  SIN3A  KIF5B  CYCS  UQCRH  PSMD1  HAP1  NDUFA11  KLC2  PSMD2  DCTN2  ATG13  CLTB  TUBB6  GPX2  COX8A  BDNF  GRIN1  ULK1  POLR2L  KCNJ10  NDUFV2  ERN1  COX5A  CYC1  CREB3L2  PLCB1  NDUFB1  DNAH2  UQCR10  NDUFA12  SP1  PSMD13  NDUFA4L2  DNAH14  NDUFA13  DNAH17  TUBB4B  NDUFA4  PIK3R4  HDAC2  AP2A1  PSMD12  HTT  MAP3K5  MT-ND6  MT-CO2  MT-CYB  MT-ND2  MT-ND5  MTOR  MT-CO1  MT-ND3  MT-ND4  MT-ND1  MT-ATP6  MT-CO3  TGM2  SDHD  DCTN1  GPX3  MT-ND4L  VDAC1  POLR2J2  MT-ATP8  GPX1  UQCRHL  ATP5PO  TUBB3  NDUFA7
3.22E-07,250,294,1.190740865,MAPK signaling pathway,http://www.genome.jp/kegg-bin/show_pathway?hsa04010 , MAP3K14  CACNA2D2  MAPK8IP2  PPP5C  MAP4K3  IGF1  HGF  FAS  MAP2K3  FLT4  KITLG  MAPK9  TAB2  NGFR  ERBB3  MAP2K4  FGFR2  TNFRSF1A  CACNB1  FGFR3  RASGRP2  FGF22  MAP4K4  RPS6KA2  RPS6KA6  NFATC3  MAP3K13  CACNG4  MAP2K7  NFKB2  FGFR1  ARAF  MKNK1  MEF2C  MECOM  MAP3K4  NLK  MAPKAPK5  FLT3LG  MAP3K20  ANGPT2  TGFB2  MAP3K1  EFNA2  GADD45B  MKNK2  CRKL  MAPK1  PDGFB  TAB1  SOS2  PPM1A  RPS6KA5  STK4  CDC25B  ANGPT4  CACNA1F  FLT1  TRADD  MAPK3  IKBKB  STK3  RELB  AKT2  TGFB1  PLA2G4C  MET  HSPB1  TGFBR1  MAPK8  PPP3CB  MAP3K8  DUSP3  CACNG1  MAP2K6  LAMTOR3  NFKB1  AREG  MAPK10  RAPGEF2  HSPA8  MAPK14  SRF  VEGFA  RASGRF2  FGF1  PDGFRB  MAPKAPK3  IL1A  IL1R1  SOS1  ATF2  RAP1A  PLA2G4A  GADD45A  FASLG  STMN1  PGF  TGFB3  DUSP1  TEK  DUSP4  PPP3CC  MAPK8IP1  NR4A1  EREG  IL1B  MAX  RRAS  PRKCG  ELK1  HSPA2  MAP2K2  TRAF2  RAP1B  KDR  ATF4  RAC2  FLNC  ECSIT  GADD45G  CACNG6  JUND  DUSP9  NFATC1  RAF1  KRAS  RRAS2  NGF  PDGFRA  TAOK3  MAP3K7  FLNB  RAC1  MYC  ARRB1  MAP2K5  PPM1B  DUSP5  FGF5  FGF2  EGF  PPP3CA  MAPK8IP3  DUSP6  MAP3K12  FGF7  IGF1R  ARRB2  TP53  ERBB2  CACNA1A  AKT1  CACNG8  EPHA2  MAP3K6  PRKACB  DUSP10  EFNA3  PTPN7  PDGFC  RASA1  GNA12  EGFR  NTRK2  CACNA1B  PAK1  TAOK2  VEGFC  RASGRP3  PTPRR  CACNA2D1  ANGPT1  PRKCA  RASA2  FGF18  MAPK13  CACNA1D  KIT  CACNA2D3  BRAF  DUSP2  MRAS  ELK4  FGF17  TAOK1  FGFR4  RPS6KA4  FGF19  MAPKAPK2  TGFA  TGFBR2  DUSP7  CASP3  CACNB2  MAPK7  PRKCB  CRK  IGF2  CACNB3  MAP4K2  PLA2G4F  JMJD7-PLA2G4B  MAP2K1  EFNA1  RAC3  MAP3K2  FOS  CD14  PDGFD  INSR  RASGRP4  GNG12  RASGRP1  MYD88  RELA  HSPA6  MAP3K11  VEGFB  TRAF6  DDIT3  BDNF  RPS6KA3  JUN  GRB2  ERBB4  PAK2  CACNB4  CSF1R  IRAK1  EFNA5  CSF1  MAPK11  MAPK12  IL1RAP  FGF16  CACNA1H  NF1  FLNA  MAP3K5  PDGFA  IRAK4  NTRK1  MAP3K3  NRAS  CHUK  PPP3R1  NTF4  EFNA4  PLA2G4B
7.10E-08,230,266,1.210795448,Parkinson disease,http://www.genome.jp/kegg-bin/show_pathway?hsa05012 , NDUFAB1  SLC25A5  PSMB1  UQCRC1  SLC39A9  PSMA4  HSPA5  MAPK9  CAMK2B  SNCAIP  GNAI3  NDUFB4  MAOB  SDHA  TUBA3D  VDAC3  KEAP1  BAX  PSMC5  GNAS  NDUFB2  ITPR3  PSMD8  ATP5F1D  NDUFB7  XBP1  TXN2  PSMC6  PSMA3  PSMC1  PSMB5  PSMA6  TUBB1  PSMA7  PSMD7  SLC39A14  TUBB4A  KLC3  PSMA2  MAPK8  PPIF  PSMD3  PSMD11  MAPK10  NDUFC1  NDUFS8  PSMD9  SLC11A2  ATP5F1B  COX6A1  COX7A2  GNAI2  PSMD14  NDUFS7  HTRA2  COX7A2L  NFE2L2  PARK7  ATP5PB  SDHB  ATF6  NDUFB3  NDUFA8  DUSP1  APAF1  ITPR2  TUBA1B  ATP5F1E  PLCG1  NDUFA1  PSMB2  KLC1  COX6B1  TRAP1  COX7C  UQCR11  TUBA4A  SEM1  GNAI1  ADORA2A  ATF4  NDUFA5  CALML4  PSMA1  NDUFA10  ADRM1  UBA1  COX4I1  COX7B  NDUFA2  UBE2G1  CASP9  EIF2S1  ATP5MC2  COX5B  NDUFB5  TXN  PSMB7  KLC4  TUBB2A  TUBB2B  SLC39A8  NDUFA9  SLC39A5  UQCRC2  NDUFB10  GNAL  SLC39A6  TP53  SLC39A3  SOD1  PSMB6  PRKACB  PSMA5  SDHC  SLC39A1  CALM2  RPS27A  SNCA  CAMK2D  NDUFS6  NDUFB11  NDUFB9  CAMK2G  UBC  ITPR1  NDUFC2  SLC25A4  TUBA3E  ATP5F1A  UCHL1  ATP5MC3  ATP5PF  KIF5A  MCU  UQCRB  UBE2L6  COX6A2  PINK1  NDUFS2  ATP5MC1  PSMD4  PSMB4  CALM3  UBE2J2  NDUFV3  PSMC2  COX7A1  PSMD6  NDUFS4  CASP3  UQCRQ  COX6C  NDUFB6  ATP5F1C  VDAC2  SLC18A2  SLC39A2  SLC39A13  PSMC3  NDUFB8  TUBA1A  TUBA1C  NDUFV1  ATP5PD  NDUFS5  UQCRFS1  SLC25A6  CALML6  UBB  KIF5B  GPR37  MFN1  BCL2L1  EIF2AK3  CYCS  ADCY5  UQCRH  PSMD1  NDUFA11  KLC2  PSMD2  DDIT3  TUBB6  COX8A  NDUFV2  ERN1  COX5A  CYC1  UBA7  NDUFB1  UQCR10  SEPTIN5  NDUFA12  UBE2G2  PRKN  PSMD13  NDUFA4L2  UBE2L3  NDUFA13  TUBB4B  LRRK2  NDUFA4  MAOA  SLC39A10  PSMD12  MAP3K5  CALM1  MT-ND6  MT-CO2  MT-CYB  MT-ND2  MT-ND5  MT-CO1  UBE2J1  RYR3  MT-ND3  MT-ND4  MT-ND1  MT-ATP6  MT-CO3  SDHD  MT-ND4L  VDAC1  UBA52  MT-ATP8  UQCRHL  ATP5PO  TUBB3  NDUFA7
2.32E-06,230,272,1.184086725,Prion disease,http://www.genome.jp/kegg-bin/show_pathway?hsa05020 , BAD  NDUFAB1  SLC25A5  PSMB1  UQCRC1  FYN  PSMA4  HSPA5  MAPK9  PIK3CB  CYBA  NDUFB4  CSNK2A2  SDHA  TUBA3D  VDAC3  GSK3B  BAX  PSMC5  NDUFB2  ITPR3  PSMD8  ATP5F1D  NDUFB7  MAPK1  PSMC6  PSMA3  PSMC1  PSMB5  PSMA6  TUBB1  PSMA7  CSNK2A1  CACNA1F  MAPK3  PSMD7  TUBB4A  KLC3  GRIN2D  PIK3R2  CAV2  CAV1  PSMA2  C5  CREB3  MAPK8  PPP3CB  PPIF  PSMD3  PSMD11  MAPK10  NDUFC1  HSPA8  NDUFS8  PSMD9  ATP5F1B  COX6A1  MAPK14  COX7A2  C7  IL1A  PSMD14  NDUFS7  COX7A2L  ATF2  GRIN3B  ATP5PB  NCF2  SDHB  PIK3R3  CREB1  NDUFB3  NDUFA8  EGR1  APAF1  PPP3CC  PIK3CA  ITPR2  TUBA1B  ATP5F1E  NDUFA1  IL1B  PSMB2  KLC1  COX6B1  HSPA2  COX7C  UQCR11  TUBA4A  SEM1  ATF4  RAC2  NDUFA5  PSMA1  NDUFA10  ADRM1  COX4I1  COX7B  NDUFA2  CASP9  EIF2S1  ATP5MC2  LAMC1  COX5B  RAC1  IL6  NDUFB5  PSMB7  KLC4  TUBB2A  TUBB2B  PPP3CA  NDUFA9  UQCRC2  NDUFB10  SOD1  PSMB6  PRKACB  PSMA5  SDHC  CREB3L4  NDUFS6  PIK3R1  CREB5  NDUFB11  NDUFB9  NOTCH1  CACNA1B  NCAM1  ITPR1  NDUFC2  SLC25A4  TUBA3E  ATP5F1A  ATP5MC3  NCAM2  ATP5PF  KIF5A  MCU  UQCRB  MAPK13  COX6A2  CACNA1D  CREB3L1  NCF1  NDUFS2  C1QC  ATP5MC1  PSMD4  PSMB4  NDUFV3  PSMC2  COX7A1  GRIN2C  PRKCD  NDUFS4  CASP3  UQCRQ  COX6C  CYBB  NDUFB6  ATP5F1C  VDAC2  PSMC3  NDUFB8  TUBA1A  TUBA1C  NDUFV1  ATP5PD  STIP1  NDUFS5  UQCRFS1  SLC25A6  KIF5B  PIK3CD  PRNP  EIF2AK3  CYCS  HSPA6  C1QB  C1QA  UQCRH  PSMD1  NDUFA11  KLC2  PSMD2  DDIT3  TUBB6  COX8A  GRIN1  C8G  NDUFV2  COX5A  CYC1  CREB3L2  NDUFB1  UQCR10  NDUFA12  MAPK11  PSMD13  NDUFA4L2  NDUFA13  MAPK12  TUBB4B  NDUFA4  RYR1  PSMD12  MT-ND6  MT-CO2  MT-CYB  MT-ND2  GRIN3A  MT-ND5  MT-CO1  RYR3  MT-ND3  MT-ND4  MT-ND1  MT-ATP6  MT-CO3  SDHD  MT-ND4L  VDAC1  PPP3R1  MT-ATP8  UQCRHL  ATP5PO  CSNK2A3  TUBB3  NDUFA7
1.46E-10,223,249,1.254094017,Salmonella infection,http://www.genome.jp/kegg-bin/show_pathway?hsa05132 , M6PR  RALA  VPS41  CYTH3  PIK3C2A  BIRC3  BAK1  MAP2K3  MAPK9  PIK3CB  CYFIP2  TAB2  NCKAP1  ELMO2  CASP8  MAP2K4  TNFRSF1A  RHOA  PFN2  EXOC5  ACTB  RAB7A  TUBA3D  MAP2K7  PAK3  DYNC1I2  PIK3C3  DNM2  HSP90AA1  TCF7  BAX  DYNLL1  NLRC4  HSP90AB1  MAPK1  CYTH4  TAB1  TXN2  NFKBIA  TUBB1  MYL9  MYL12A  KPNA3  TRADD  MAPK3  PYCARD  VPS18  RIPK2  IKBKB  DCTN6  TNFRSF10A  TUBB4A  KLC3  STX10  AKT2  CYTH2  PIK3CG  NOD1  WASL  ACTR3C  MYL7  MAPK8  PFN1  CYTH1  RAB5C  MAP2K6  NFKB1  MAPK10  BIRC2  ARPC3  RAB5B  GAPDH  MAPK14  EXOC2  SKP1  KPNA1  ACTR1B  ACTR3  PLEKHM2  MYL12B  TNFRSF10B  TNFSF10  PIK3CA  PKN1  NCKAP1L  TUBA1B  RAB9B  RAB9A  CSE1L  AHNAK  IL1B  DYNLRB1  KLC1  RRAS  RHOJ  MAP2K2  TRAF2  TUBA4A  PODXL  FLNC  SNX9  ARPC1B  EXOC4  ACTR10  RAF1  DCTN4  WASF3  PIK3C2B  ACTR3B  ARL8B  ROCK2  MAP3K7  DYNC1LI2  FHOD1  GCC2  FLNB  RAC1  IL6  ABI1  TXN  TLR4  ARPC5L  MYC  DCTN3  KLC4  TUBB2A  RIPK1  TUBB2B  TLR2  CASP1  DYNC2LI1  ACTR2  ACTR1A  LEF1  PIK3C2G  VPS33A  AKT1  ARF1  ARL8A  RHOB  RAB5A  DYNC1LI1  DYNLT1  TCF7L2  PAK1  RPS3  TIRAP  IL18  TUBA3E  TCF7L1  LY96  ELMO1  KIF5A  MAPK13  TAB3  DYNC1I1  ARPC5  NLRP3  ARPC2  FYCO1  CASP3  DYNLT3  ARF6  CASP7  HSP90B1  DCTN5  VPS39  FBXO22  TUBA1A  TUBA1C  CTNNB1  FADD  MLKL  RHOH  DYNLRB2  MAP2K1  CXCL8  FOS  CD14  KIF5B  PIK3CD  BCL2  CYCS  MYD88  RELA  SNX33  TLR6  KLC2  TRAF6  DCTN2  TUBB6  PFN4  RHOG  JUN  SNX18  MYLPF  EXOC7  ANXA2  ACBD3  ACTG1  IRAK1  MAPK11  AHNAK2  KPNA4  DYNC2H1  TLR5  MAPK12  TUBB4B  MYO6  FLNA  CASP4  DYNC1H1  S100A10  IRAK4  DCTN1  CHUK  VPS16  MYL5  ARPC4  ARPC1A  BRK1  TUBB3  DYNLL2
6.84E-08,219,252,1.216937164,Endocytosis,http://www.genome.jp/kegg-bin/show_pathway?hsa04144 , ARF5  AP2B1  CYTH3  VTA1  EHD3  EHD2  SNX1  RABEP1  ZFYVE16  AP2S1  ARAP2  EPN3  NEDD4L  PSD  EPN1  FGFR2  ARFGEF1  RHOA  PRKCZ  FGFR3  VPS35  NEDD4  CLTCL1  EPN2  TFRC  TSG101  PLD1  RAB7A  CAPZB  AMPH  ITCH  DNM2  CHMP2B  SMAP2  RAB10  EPS15  CHMP5  SNX5  SPG21  SH3GLB1  WASHC2A  CYTH4  GRK3  IL2RB  ARFGAP1  CHMP4B  EEA1  PARD6A  RAB11A  EHD4  CYTH2  CAV2  CAV1  WASL  ACTR3C  TGFBR1  DNM1  PIP5K1B  SH3GL2  RAB11FIP2  GBF1  GIT1  CYTH1  RAB5C  SMURF2  HSPA8  EHD1  FOLR1  CBL  ARPC3  VPS29  RAB5B  RAB35  SMAP1  SNX3  ACAP2  CBLB  SNX4  ACTR3  STAM2  CHMP3  WIPF1  CAPZA1  DNAJC6  VPS4B  ARAP3  WASHC3  CXCR4  WIPF3  CLTA  VPS26A  WWP1  PARD6B  ARFGEF2  RAB22A  IQSEC2  STAMBP  GRK4  PSD4  HSPA2  EPS15L1  PLD2  SNX6  LDLR  ARPC1B  CHMP2A  CHMP1A  RAB11FIP4  RBSN  VPS25  ACAP3  VPS4A  SPART  AGAP3  ACTR3B  ARF3  PDGFRA  AGAP2  RAB11FIP5  MDM2  WASHC4  VPS36  VPS45  BIN1  STAM  ARPC5L  ARRB1  ACTR2  USP8  GIT2  VPS37B  IGF1R  PML  CLTC  ARRB2  MVB12A  SH3GL1  CBLC  PIP5K1A  ARF1  RAB5A  IQSEC1  PSD2  EGFR  SH3KBP1  SNX12  IL2RG  CHMP7  SH3GLB2  PARD3  ARFGAP2  VPS26B  ASAP2  DAB2  ASAP1  ZFYVE27  VPS37A  KIF5A  PSD3  RAB11FIP1  ZFYVE9  LDLRAP1  AGAP1  SNF8  CCR5  FGFR4  AP2M1  ARPC5  ARPC2  TGFBR2  PRKCI  CHMP4C  WASHC5  FOLR2  ARF6  SMAD3  PIP5KL1  RAB8A  VPS37C  RAB4A  ARF4  RAB31  KIF5B  WIPF2  AGAP5  WASHC2C  SNX32  GRK2  HSPA6  TRAF6  SMAD2  CLTB  CHMP6  VPS37D  PARD6G  WASHC1  RNF41  IST1  RAB11B  HGS  PIP5K1C  ARAP1  AGAP4  MVB12B  AP2A1  IGF2R  SRC  DNM3  GRK6  GRK5  CAPZA2  RUFY2  AGAP6  AGAP9  SNX2  ARPC4  ARPC1A  ARFGAP3  CHMP1B
3.60E-06,209,246,1.189695336,Shigellosis,http://www.genome.jp/kegg-bin/show_pathway?hsa05131 , CYTH3  CAPN1  RRAGD  CD44  VCL  MAPK9  PIK3CB  CUL1  TAB2  ATG5  ELMO2  PRKCQ  TNFRSF1A  RHOA  ROCK1  PFN2  WIPI1  ACTN1  UBE2D1  FBXW11  ACTB  PIK3C3  UBE2D4  TRAF5  GSK3B  RRAGB  BAX  PXN  NLRC4  ITPR3  CRKL  MAPK1  CYTH4  SEPTIN3  TAB1  RBX1  RPS6KA5  NFKBIA  PLCB4  MYL9  MAP1LC3A  MYL12A  TRADD  MAPK3  PYCARD  RIPK2  IKBKB  AKT2  CYTH2  PIK3R2  GSK3A  NOD1  WASL  ACTR3C  MYL7  MAPK8  RPS6KB1  PFN1  CYTH1  NFKB1  UBE2D3  MAPK10  ARPC3  MAPK14  WASF1  SKP1  ACTR3  PLCD4  IL1R1  ARHGEF2  RRAGC  PIK3R3  MYL12B  FOXO3  PIK3CA  SEPTIN7  CBX3  ITPR2  PLCG1  SEPTIN6  IL1B  C3  RBCK1  CAPNS1  IRF3  BECN1  ATG14  TRAF2  ARPC1B  DIAPH1  UBE2D2  H3-3B  ACTR3B  ROCK2  MAP3K7  MDM2  RAC1  CALCOCO2  TLR4  ARPC5L  TLN1  RIPK1  CASP1  PLCB2  FNBP1L  ACTR2  PLCE1  SEPTIN11  PLCZ1  MAP1LC3B  TP53  RPTOR  AKT1  BCL10  ARF1  RPS27A  TIFA  PIK3R1  ATG12  TNIP1  EGFR  ATM  PLCB3  ITGB1  DOCK1  IL18  FOXO1  UBC  ITPR1  CAST  ELMO1  RRAGA  HKDC1  HK1  MAPK13  TAB3  WIPI2  WASF2  HK2  U2AF1  HK3  U2AF1L4  ITGA5  PLCD3  ARPC5  NLRP3  CAPN2  H3-3A  ARPC2  PRKCD  CSF2  SEPTIN8  CGAS  ARF6  BTRC  ILK  CRK  SEPTIN2  UBE2V2  PTK2  CXCL8  UBB  CD14  PRKCE  PPID  BCL2L1  PIK3CD  BCL2  TLN2  CYCS  MALT1  MYD88  RELA  GLMN  TRAF6  RPS6KB2  BNIP3  PFN4  JUN  UBE2N  SHARPIN  MYLPF  HCLS1  PLCB1  TBK1  ACTG1  FOXO4  MAPK11  PLCD1  FNBP1  TLR5  MAPK12  H3-5  PIK3R4  CASP4  SRC  PLCG2  MTOR  H3C14  H3C15  AKT1S1  TECPR1  CHUK  VDAC1  MYL5  UBA52  ARPC4  ARPC1A  UBE2V1
4.34E-10,208,232,1.255451472,Thermogenesis,http://www.genome.jp/kegg-bin/show_pathway?hsa04714 , NDUFAF7  KDM1A  NDUFAB1  COX10  UQCRC1  DPF1  COX15  MAP2K3  ARID1B  NDUFB4  SMARCD1  ACSL4  RPS6KA2  RPS6KA6  SDHA  SMARCE1  MGLL  ACTB  SIRT6  FGFR1  ADCY2  LIPE  SMARCA2  SMARCD3  GNAS  NDUFB2  ATP5F1D  NDUFB7  SOS2  NDUFAF5  TSC2  COA1  RHEB  PRKAG2  CREB3  RPS6KB1  SMARCD2  NDUFC1  PPARGC1A  CPT1A  NDUFS8  ATP5F1B  PRKAB1  COX6A1  MAPK14  COX7A2  GCG  NDUFS7  KDM3A  SOS1  COX7A2L  ATF2  ATP5PB  BMP8B  SDHB  ARID1A  CREB1  CNR1  NDUFB3  NDUFA8  KDM3B  NPPB  ADCY7  NDUFAF4  ACSL3  ATP5F1E  NDUFA1  COX6B1  COX7C  UQCR11  SMARCA4  NDUFA5  NDUFA10  COX4I1  COX7B  NDUFA2  PRKAB2  PPARG  PRKAA1  KRAS  COX16  KLB  ATP5MC2  COX5B  ACTL6A  NDUFB5  RPS6  NDUFAF1  ADCY3  COX17  PRKG2  NDUFA9  SMARCC2  UQCRC2  NDUFB10  RPTOR  PRDM16  PRKACB  ADCY10  SDHC  CREB3L4  NDUFS6  CREB5  NDUFB11  NDUFB9  NDUFC2  ACSL1  ATP5F1A  ATP5MC3  ATP5PF  NDUFAF6  UQCRB  MAPK13  COX6A2  CPT2  CREB3L1  NDUFS2  ATP5MC1  NDUFV3  COX7A1  ADCY9  COA7  PRKAA2  COX18  NDUFAF2  NDUFS4  ACSL6  UQCRQ  ADCY1  COX6C  NDUFB6  ATP5F1C  TSC1  NDUFB8  FRS2  COX11  PLIN1  ATP5MG  NDUFV1  ATP5PD  MLST8  COA6  NDUFS5  ATP5ME  UQCRFS1  CPT1C  NPR1  ADCY5  SMARCC1  UQCRH  ADCY6  NDUFA11  RPS6KB2  COX8A  RPS6KA3  PNPLA2  GRB2  NDUFAF3  NDUFV2  COX14  SLC25A20  COX5A  CYC1  COA4  PRKAG1  CREB3L2  COA5  NDUFB1  BMP8A  COA3  ACTG1  UQCR10  NDUFA12  MAPK11  PRKG1  NDUFA4L2  NDUFA13  MAPK12  NDUFA4  SLC25A29  ACSL5  MAP3K5  MT-ND6  MT-CO2  MT-CYB  MT-ND2  MT-ND5  MTOR  MT-CO1  MT-ND3  MT-ND4  MT-ND1  MT-ATP6  MT-CO3  COX20  SDHD  AKT1S1  CPT1B  DPF3  MT-ND4L  NRAS  NDUFAF8  MT-ATP8  UQCRHL  COX19  ATP5MF  ATP5PO  NDUFA7
1.27E-07,195,223,1.224487422,Chemical carcinogenesis,http://www.genome.jp/kegg-bin/show_pathway?hsa05208 , BAD  NDUFAB1  SLC25A5  MAP3K14  NOX1  MGST1  UQCRC1  HGF  MAPK9  PIK3CB  CYBA  NDUFB4  MAP2K4  GSTO2  SDHA  PLD1  MAP2K7  ARAF  VDAC3  MGST2  NOX4  NDUFB2  ABL1  ATP5F1D  NDUFB7  MAPK1  HMOX1  SOS2  HIF1A  NFKBIA  MAPK3  IKBKB  EPHX3  AKT2  PRKD2  PIK3R2  MET  AHR  MAPK8  PPIF  NFKB1  MAPK10  NDUFC1  NDUFS8  ATP5F1B  COX6A1  MAPK14  SOD2  COX7A2  VEGFA  NDUFS7  PRKD3  SOS1  COX7A2L  NFE2L2  ATP5PB  NCF2  SDHB  AKR1A1  PIK3R3  FOXO3  NDUFB3  NDUFA8  EPHX2  CAT  PIK3CA  ATP5F1E  NDUFA1  COX6B1  MAP2K2  COX7C  UQCR11  NDUFA5  PLD2  NDUFA10  CYP2E1  COX4I1  COX7B  NDUFA2  RAF1  KRAS  GSTM3  ATP5MC2  COX5B  RAC1  NDUFB5  CYP1B1  EGF  NDUFA9  CYP1A1  UQCRC2  NDUFB10  PDPK1  SOD1  AKT1  MGST3  SDHC  ABL2  ARNT  ACP1  EPHX1  SLC26A1  NDUFS6  PIK3R1  EGFR  NDUFB11  NDUFB9  GSTO1  PTPRJ  NDUFC2  AKR1C2  SLC25A4  ATP5F1A  ATP5MC3  ATP5PF  SLC26A2  UQCRB  MAPK13  COX6A2  BRAF  NCF1  NDUFS2  ATP5MC1  CBR1  NDUFV3  COX7A1  PRKCD  NDUFS4  UQCRQ  COX6C  NDUFB6  ATP5F1C  VDAC2  NDUFB8  NDUFV1  ATP5PD  NDUFS5  GSTM4  UQCRFS1  MAP2K1  SLC25A6  PTK2  FOS  GSTA4  PIK3CD  EPHX4  RELA  UQCRH  GSTA3  NDUFA11  COX8A  JUN  GRB2  NDUFV2  COX5A  CYC1  PTPN11  NQO1  NDUFB1  UQCR10  PRKD1  NDUFA12  MAPK11  NDUFA4L2  NDUFA13  AKR1C1  MAPK12  NDUFA4  AKR1C3  PTPN1  SRC  MAP3K5  MT-ND6  MT-CO2  MT-CYB  MT-ND2  MT-ND5  MT-CO1  MT-ND3  MT-ND4  MT-ND1  MT-ATP6  MT-CO3  SDHD  MT-ND4L  NRAS  CHUK  GSTM2  VDAC1  AS3MT  SLC26A6  MT-ATP8  UQCRHL  ATP5PO  NDUFA7
0.00135182,188,231,1.139647257,Ras signaling pathway,http://www.genome.jp/kegg-bin/show_pathway?hsa04014 , BAD  RALA  IGF1  RALBP1  HGF  GAB2  FLT4  KITLG  MAPK9  PIK3CB  NGFR  FGFR2  RHOA  RASSF1  FGFR3  RASGRP2  GNB5  FGF22  RASAL2  PLD1  PAK3  FGFR1  GNB1  BRAP  FLT3LG  ANGPT2  ABL1  EFNA2  MAPK1  PLA2G3  PDGFB  SOS2  STK4  ANGPT4  FLT1  MAPK3  IKBKB  RASAL3  AKT2  PLA2G4C  PIK3R2  RASA4  MET  MAPK8  SHOC2  RAB5C  NFKB1  MAPK10  GAB1  RASAL1  RAB5B  GNB3  EXOC2  VEGFA  RASGRF2  FGF1  PDGFRB  GNB4  ZAP70  SOS1  RAP1A  PLA2G4A  PIK3R3  FASLG  PGF  TEK  PIK3CA  PLA2G12A  PLCG1  RRAS  PRKCG  ELK1  MAP2K2  RAP1B  GNG13  GNG11  KDR  RAC2  CALML4  PLD2  SHC2  AFDN  PAK4  RAF1  KRAS  RRAS2  NGF  PDGFRA  ETS1  RAPGEF5  RAC1  PAK6  PLCE1  FGF5  FGF2  EGF  FGF7  IGF1R  KSR1  AKT1  EPHA2  PRKACB  ABL2  RGL1  EFNA3  CALM2  RALB  RAB5A  PLA1A  PDGFC  PIK3R1  RASA1  EGFR  NTRK2  SHC3  HTR7  PAK1  VEGFC  RASGRP3  ANGPT1  PRKCA  RASA2  TIAM1  FGF18  KIT  ETS2  MRAS  FGF17  CALM3  RALGDS  SHC1  FGFR4  FGF19  REL  TGFA  ARF6  PRKCB  GNGT2  IGF2  GNG8  PLA2G4F  JMJD7-PLA2G4B  MAP2K1  EFNA1  RAC3  CALML6  RASA4B  PDGFD  INSR  KSR2  BCL2L1  PIK3CD  RASGRP4  GNB2  GNG12  RASGRP1  RELA  VEGFB  GNG5  RIN1  PLAAT3  GNG7  BDNF  GRIN1  GRB2  PTPN11  PAK2  CSF1R  TBK1  EFNA5  CSF1  PLA2G6  FOXO4  SHC4  GNG2  PLA2G2E  FGF16  NF1  PDGFA  PLCG2  NTRK1  CALM1  NRAS  CHUK  NTF4  GNG10  EFNA4  PLA2G4B
1.84E-05,184,217,1.187360697,Reg. of actin cytoskeleton,http://www.genome.jp/kegg-bin/show_pathway?hsa04810 , ITGAL  ITGA3  ITGA2B  SCIN  INSRR  VCL  PIK3CB  CYFIP2  PPP1R12A  NCKAP1  LPAR2  MYLK  FGFR2  RHOA  ROCK1  FGFR3  PFN2  FGF22  ACTN1  ACTB  ARHGEF1  PPP1R12B  PAK3  FGFR1  ITGA8  ARAF  ITGB5  ITGAE  SSH1  PXN  SLC9A1  ITGA6  EZR  CRKL  MAPK1  PDGFB  MYH9  SOS2  MYL9  MYL12A  FGD1  ARHGEF7  MAPK3  MYH14  PIK3R2  ITGB8  WASL  ACTR3C  MYL7  LIMK1  PIP5K1B  CXCL12  GIT1  PFN1  ARPC3  WASF1  FGF1  PDGFRB  PIKFYVE  ACTR3  ITGB6  ITGA4  APC2  FN1  SOS1  PIK3R3  MYL12B  GNA13  PIK3CA  CXCR4  NCKAP1L  PPP1R12C  RRAS  MAP2K2  FGD3  RAC2  ARHGEF6  ARPC1B  PAK4  DIAPH1  RAF1  ITGB4  CHRM3  MYH10  ACTR3B  KRAS  RRAS2  VAV3  ROCK2  PDGFRA  APC  ITGA7  ARHGEF4  RAC1  ARPC5L  RDX  ITGA11  PAK6  ACTR2  ABI2  ITGAV  FGF5  FGF2  EGF  ITGB7  DIAPH3  FGF7  IQGAP1  ITGAX  MYLK3  SSH2  VAV1  ITGA10  PIP5K1A  ITGA9  PDGFC  PIK3R1  IQGAP2  MYLK4  GNA12  EGFR  MSN  DIAPH2  GSN  PAK1  ITGB1  DOCK1  PIP4K2A  ENAH  TIAM1  FGF18  BRAF  MRAS  WASF2  FGF17  ARHGAP35  ITGB2  VAV2  FGFR4  ITGA5  FGF19  ARPC2  ITGA2  CFL2  PIP4K2C  CRK  BDKRB2  MAP2K1  PTK2  RAC3  ITGAM  PDGFD  PIK3CD  GNG12  PPP1CA  CFL1  SSH3  BAIAP2  PFN4  MYLPF  PAK2  CHRM4  F2R  LIMK2  SPATA13  IQGAP3  ACTG1  LPAR5  PIP5K1C  PPP1CC  FGF16  ARHGEF12  SRC  PDGFA  LPAR1  TMSB4X  NRAS  PPP1CB  ITGA1  MYL5  ARPC4  ARPC1A  BRK1  ITGB3
5.26E-07,183,210,1.220271238,Rap1 signaling pathway,http://www.genome.jp/kegg-bin/show_pathway?hsa04015 , KRIT1  ITGAL  ITGA2B  RALA  FARP2  IGF1  HGF  MAP2K3  FLT4  LCP2  KITLG  PIK3CB  NGFR  LPAR2  GNAI3  FGFR2  RHOA  PRKCZ  FGFR3  RASGRP2  PFN2  FGF22  CDC42  ACTB  RAP1GAP  APBB1IP  FGFR1  ADCY2  RAPGEF3  MAGI3  FYB1  GNAO1  GNAS  RAPGEF4  ANGPT2  EFNA2  CRKL  MAPK1  PDGFB  ANGPT4  PLCB4  FLT1  MAPK3  PARD6A  AKT2  PRKD2  PIK3R2  SIPA1L3  MET  RAPGEF1  PFN1  MAP2K6  RAPGEF2  MAPK14  VEGFA  FGF1  PDGFRB  GNAI2  PRKD3  RAP1A  SIPA1L2  PIK3R3  CNR1  PGF  TEK  ARAP3  ADCY7  PIK3CA  PARD6B  PLCG1  VASP  ID1  RRAS  PRKCG  MAP2K2  RAP1B  F2RL3  GNAI1  KDR  ADORA2A  RAC2  DOCK4  CALML4  AFDN  RAF1  KRAS  VAV3  NGF  PDGFRA  RAPGEF5  RAC1  TLN1  THBS1  PLCB2  ADCY3  PLCE1  FGF5  FGF2  EGF  FGF7  IGF1R  SKAP1  VAV1  AKT1  EPHA2  EFNA3  CALM2  RALB  PDGFC  PIK3R1  EGFR  PARD3  PLCB3  ITGB1  VEGFC  RASGRP3  ANGPT1  PRKCA  ENAH  GNAQ  TIAM1  FGF18  MAPK13  KIT  BRAF  MRAS  FGF17  RAPGEF6  CALM3  ITGB2  RALGDS  VAV2  FGFR4  ADCY9  FGF19  PRKCI  ADCY1  PRKCB  CRK  CTNNB1  MAP2K1  RGS14  EFNA1  RAC3  P2RY1  CALML6  ITGAM  ADORA2B  PDGFD  FPR1  INSR  LPAR3  PIK3CD  TLN2  ADCY5  VEGFB  ADCY6  PFN4  GRIN1  PARD6G  F2R  CSF1R  PLCB1  ACTG1  PRKD1  EFNA5  CSF1  LPAR5  MAPK11  MAGI2  MAPK12  EVL  FGF16  SRC  PDGFA  SIPA1L1  LPAR1  CTNND1  CALM1  NRAS  SIPA1  EFNA4  ITGB3
